Ticker,Company,Date,Close,Daily_Return_%,Return_1M_%,Return_1Y_%,RSI_14,RSI_Signal,MACD,Volatility_1M_%,BB_Position,Above_SMA200
ASIANPAINT.NS,Asian Paints,2026-09-28,2420.0,-0.982,-7.2335,0.6656,36.79,Neutral,-52.1816,22.3506,0.2297,0
AXISBANK.NS,Axis Bank,2026-09-28,1209.9,-1.0226,-4.3557,3.7116,41.98,Neutral,-9.5573,28.0329,0.0835,0
BAJFINANCE.NS,Bajaj Finance,2026-09-28,985.0,-1.1937,-8.7879,-2.7401,38.17,Neutral,-18.4582,30.7387,0.0399,1
BHARTIARTL.NS,Bharti Airtel,2026-09-28,1771.4,-0.7841,-5.8967,-8.4832,36.25,Neutral,-26.8957,27.8069,-0.0506,0
HDFCBANK.NS,HDFC Bank,2026-09-28,719.05,-2.2499,-0.1735,-24.2986,47.48,Neutral,1.2887,21.3472,0.549,0
HINDUNILVR.NS,Hindustan Unilever,2026-09-28,1896.0,-2.4139,-5.6904,-25.3043,34.5,Neutral,-27.4075,17.3401,-0.0962,0
ICICIBANK.NS,ICICI Bank,2026-09-28,1302.0,-1.8692,-8.4903,-5.3642,23.69,Oversold,-25.8213,15.21,0.0502,0
INFY.NS,Infosys,2026-09-28,1003.2,0.2999,-12.3077,-32.4353,31.09,Neutral,-29.0364,26.5798,0.1793,0
ITC.NS,ITC Limited,2026-09-28,265.2,-1.4126,-0.3008,-33.7166,47.39,Neutral,-1.0328,26.3638,0.5814,0
KOTAKBANK.NS,Kotak Mahindra Bank,2026-09-28,401.55,-0.6064,-5.2278,-0.2856,40.29,Neutral,-0.0291,15.1672,-0.0345,1
LT.NS,Larsen & Toubro,2026-09-28,3766.3999,-2.8327,-6.9059,3.3476,35.35,Neutral,-42.5257,18.6473,-0.075,0
MARUTI.NS,Maruti Suzuki,2026-09-28,12008.0,-0.4724,-10.2273,-26.1909,28.51,Oversold,-357.7313,20.975,0.1647,0
NTPC.NS,NTPC,2026-09-28,321.1,-1.684,-2.7117,-5.6975,33.43,Neutral,-3.4599,12.7243,-0.0627,0
POWERGRID.NS,Power Grid Corporation,2026-09-28,261.85,-2.8386,-1.5787,-7.929,42.19,Neutral,-1.2013,21.3277,0.0596,0
RELIANCE.NS,Reliance Industries,2026-09-28,1197.6,-2.3165,-6.9464,-12.7368,31.76,Neutral,-21.866,20.3961,0.0418,0
SBIN.NS,State Bank of India,2026-09-28,962.0,-2.1363,-8.1623,11.7111,33.73,Neutral,-15.7604,20.5879,-0.007,0
SUNPHARMA.NS,Sun Pharmaceutical,2026-09-28,1838.0,-0.7667,-4.2708,12.9409,40.96,Neutral,-17.6494,20.5407,0.2426,1
TCS.NS,Tata Consultancy Services,2026-09-28,2070.7,-0.5427,-11.5841,-29.9824,30.99,Neutral,-59.4047,23.0534,0.1475,0
TITAN.NS,Titan Company,2026-09-28,4819.5,-1.3206,-6.7651,42.6521,40.87,Neutral,-36.7561,17.4424,0.1427,1
ULTRACEMCO.NS,UltraTech Cement,2026-09-28,11025.0,-1.1654,-4.8667,-9.192,44.51,Neutral,-120.992,19.6829,0.4566,0
